Workbook

Sheet Content
B2: Sheet name | C2: Content | D2: Relevant propulsion technologies
B3: Result matrix | C3: Matrices for results of VECTO in the MRF and CIF according to the individual propulsion technologies. "Weighted" results are only relevant for the CIF | D3: all
B4: GenericData_VehicleOperation | C4: Tables with generic data | D4: all xEV (HEV, PEV, FCHV)
B5: Usable_SOC | C5: Calculation of the usable SOC range for the different xEV concepts | D5: all OVC-xEV (HEV, PEV, FCHV)
B6: BatteryData OVC-HEV | C6: Calculation of battery charging efficiency for external ("OVC") charging event(s) | D6: OVC HEV and OVC FCHV
B7: Template_OVC-HEV | C7: Calculation example for all post-processing elements regarding fuel consumption, electrical energy consumption as well as CO2 emissions
B8: BatteryData PEV | C8: Calculation of battery charging efficiency for external ("OVC") charging event(s) | D8: PEV
B9: Template_PEV | C9: Calculation example for all post-processing elements regarding fuel consumption, electrical energy consumption as well as CO2 emissions
B10: BatteryData IMC_OVC-HEV | C10: Calculation of battery charging efficiency for external ("OVC") charging event(s) | D10: OVC HEV and OVC FCHV with additional IMC feature
B11: Template IMC_OVC-HEV | C11: Calculation example for all post-processing elements regarding fuel consumption, electrical energy consumption as well as CO2 emissions
B12: BatteryData IMC_PEV | C12: Calculation of battery charging efficiency for external ("OVC") charging event(s) | D12: PEV with additional IMC feature
B13: Template IMC_PEV | C13: Calculation example for all post-processing elements regarding fuel consumption, electrical energy consumption as well as CO2 emissions

Sheet Result matrix
C2: X | D2: individual result simulated in specific mode (i.e. CS or CD)
C3: (X) | D3: result from specific mode (i.e. CS or CD) without direct output but relevant for total results
C4: X | D4: post-processing result from above (i.e. grey X) given as output in total results element
C5: X | D5: weighted result produced by weighted averaging from CS and CD
B8: Pure ICE vehicles, non-OVC HEVs and non-OVC FCHVs
B9: Mission profile | C9: Payload | D9: Result level | E9: v_average | F9: Fuel consumption per fuel type | G9: CO2 emissions | H9: Electric energy consumption | I9: Actual charge depleting range RCDA | J9: Equivalent all electric range (EAER) | K9: Hydrogen range (H2R) | L9: Zero CO2 emissions range | N9: Electric range for UF | O9: UF | Q9: FC_ZEV_AuxHeater | R9: CO2_ZEV_AuxHeater
E10: [km/h] | F10: [lit/100km] ... | G10: [g/km] ... | H10: [kWh/km] ... | I10: [km] | J10: [km] | K10: [km] | L10: [km] | N10: [km] | O10: [-] | Q10: [lit/100km] ... | R10: [g/km] ...
B11: #1 | C11: low | D11: OVC mode CD | E11: --- | F11: --- | G11: --- | H11: --- | I11: --- | J11: --- | K11: --- | L11: --- | N11: --- | O11: --- | Q11: --- | R11: ---
B12: #1 | C12: low | D12: OVC mode CS | E12: (X) | F12: (X) | G12: (X) | H12: --- | I12: --- | J12: --- | K12: (X)1 | L12: (X)1 | N12: --- | O12: --- | Q12: (X)1 | R12: (X)1
B13: #1 | C13: low | D13: Total | E13: X | F13: X | G13: X | H13: --- | I13: --- | J13: --- | K13: X1 | L13: X1 | N13: --- | O13: --- | Q13: X1 | R13: X1
B14: #1 | C14: rep. | D14: OVC mode CD | E14: --- | F14: --- | G14: --- | H14: --- | I14: --- | J14: --- | K14: --- | L14: --- | N14: --- | O14: --- | Q14: --- | R14: ---
B15: #1 | C15: rep. | D15: OVC mode CS | E15: (X) | F15: (X) | G15: (X) | H15: --- | I15: --- | J15: --- | K15: (X)1 | L15: (X)1 | N15: --- | O15: --- | Q15: (X)1 | R15: (X)1
B16: #1 | C16: rep. | D16: Total | E16: X | F16: X | G16: X | H16: --- | I16: --- | J16: --- | K16: X1 | L16: X1 | N16: --- | O16: --- | Q16: X1 | R16: X1
B17: #2 | C17: low | D17: OVC mode CD | E17: --- | F17: --- | G17: --- | H17: --- | I17: --- | J17: --- | K17: --- | L17: --- | N17: --- | O17: --- | Q17: --- | R17: ---
B18: #2 | C18: low | D18: OVC mode CS | E18: (X) | F18: (X) | G18: (X) | H18: --- | I18: --- | J18: --- | K18: (X)1 | L18: (X)1 | N18: --- | O18: --- | Q18: (X)1 | R18: (X)1
B19: #2 | C19: low | D19: Total | E19: X | F19: X | G19: X | H19: --- | I19: --- | J19: --- | K19: X1 | L19: X1 | N19: --- | O19: --- | Q19: X1 | R19: X1
B20: #2 | C20: rep. | D20: OVC mode CD | E20: --- | F20: --- | G20: --- | H20: --- | I20: --- | J20: --- | K20: --- | L20: --- | N20: --- | O20: --- | Q20: --- | R20: ---
B21: #2 | C21: rep. | D21: OVC mode CS | E21: (X) | F21: (X) | G21: (X) | H21: --- | I21: --- | J21: --- | K21: (X)1 | L21: (X)1 | N21: --- | O21: --- | Q21: (X)1 | R21: (X)1
B22: #2 | C22: rep. | D22: Total | E22: X | F22: X | G22: X | H22: --- | I22: --- | J22: --- | K22: X1 | L22: X1 | N22: --- | O22: --- | Q22: X1 | R22: X1
B23: #3 | C23: ... | D23: ... | E23: ... | F23: ... | G23: ... | H23: --- | I23: --- | J23: --- | K23: ... | L23: ... | N23: --- | O23: --- | Q23: ... | R23: ...
B24: weighted | E24: --- | F24: X | G24: X | H24: --- | I24: --- | J24: --- | K24: X1 | L24: X1 | N24: --- | O24: --- | Q24: X1 | R24: X1
B25: 1 ... Only for H2 propulsion vehicles (ICE and FCHV)
B26: 2 ... Not for H2 propulsion vehicles (ICE and FCHV)
B28: OVC HEV and OVC-FCHV
B29: Mission profile | C29: Payload | D29: Result level | E29: v_average | F29: Fuel consumption per fuel type | G29: CO2 emissions | H29: Electric energy consumption | I29: Actual charge depleting range RCDA | J29: Equivalent all electric range (EAER) | K29: Hydrogen range (H2R) | L29: Zero CO2 emissions range | N29: Electric range for UF | O29: UF | Q29: FC_ZEV_AuxHeater | R29: CO2_ZEV_AuxHeater
E30: [km/h] | F30: [lit/100km] ... | G30: [g/km] ... | H30: [kWh/km] ... | I30: [km] | J30: [km] | K30: [km] | L30: [km] | N30: [km] | O30: [-] | Q30: [lit/100km] ... | R30: [g/km] ...
B31: #1 | C31: low | D31: OVC mode CD | E31: X | F31: X | G31: X | H31: X | I31: (X) | J31: (X) | K31: --- | L31: --- | N31: --- | O31: --- | Q31: X1 | R31: X1
B32: #1 | C32: low | D32: OVC mode CS | E32: X | F32: X | G32: X | H32: --- | I32: --- | J32: --- | K32: (X)1 | L32: --- | N32: --- | O32: --- | Q32: X1 | R32: X1
B33: #1 | C33: low | D33: Total | E33: X2 | F33: X2 | G33: X2 | H33: X2 | I33: X | J33: X | K33: X1 | L33: X | N33: X2 | O33: X2 | Q33: X2 | R33: X2
B34: #1 | C34: rep. | D34: OVC mode CD | E34: X | F34: X | G34: X | H34: X | I34: (X) | J34: (X) | K34: --- | L34: --- | N34: --- | O34: --- | Q34: X1 | R34: X1
B35: #1 | C35: rep. | D35: OVC mode CS | E35: X | F35: X | G35: X | H35: --- | I35: --- | J35: --- | K35: (X)1 | L35: --- | N35: --- | O35: --- | Q35: X1 | R35: X1
B36: #1 | C36: rep. | D36: Total | E36: X2 | F36: X2 | G36: X2 | H36: X2 | I36: X | J36: X | K36: X1 | L36: X | N36: X2 | O36: X2 | Q36: X2 | R36: X2
B37: #2 | C37: low | D37: OVC mode CD | E37: X | F37: X | G37: X | H37: X | I37: (X) | J37: (X) | K37: --- | L37: --- | N37: --- | O37: --- | Q37: X1 | R37: X1
B38: #2 | C38: low | D38: OVC mode CS | E38: X | F38: X | G38: X | H38: --- | I38: --- | J38: --- | K38: (X)1 | L38: --- | N38: --- | O38: --- | Q38: X1 | R38: X1
B39: #2 | C39: low | D39: Total | E39: X2 | F39: X2 | G39: X2 | H39: X2 | I39: X | J39: X | K39: X1 | L39: X | N39: X2 | O39: X2 | Q39: X2 | R39: X2
B40: #2 | C40: rep. | D40: OVC mode CD | E40: X | F40: X | G40: X | H40: X | I40: (X) | J40: (X) | K40: --- | L40: --- | N40: --- | O40: --- | Q40: X1 | R40: X1
B41: #2 | C41: rep. | D41: OVC mode CS | E41: X | F41: X | G41: X | H41: --- | I41: --- | J41: --- | K41: (X)1 | L41: --- | N41: --- | O41: --- | Q41: X1 | R41: X1
B42: #2 | C42: rep. | D42: Total | E42: X2 | F42: X2 | G42: X2 | H42: X2 | I42: X | J42: X | K42: X1 | L42: X | N42: X2 | O42: X2 | Q42: X2 | R42: X2
B43: #3 | C43: ... | D43: ... | E43: ... | F43: ... | G43: ... | H43: ... | I43: ... | J43: ... | K43: ... | N43: ... | O43: ... | Q43: ... | R43: ...
B44: weighted | E44: --- | F44: X2 | G44: X2 | H44: X2 | I44: X | J44: X | K44: X1 | L44: X | N44: --- | O44: --- | Q44: --- | R44: ---
B45: 1 ... Only for H2 propulsion vehicles (ICE and FCHV)
B46: 2 ... Not for H2 propulsion vehicles (ICE and FCHV)
B48: PEV
B49: Mission profile | C49: Payload | D49: Result level | E49: v_average | F49: Fuel consumption per fuel type | G49: CO2 emissions | H49: Electric energy consumption | I49: Actual charge depleting range RCDA | J49: Equivalent all electric range (EAER) | K49: Hydrogen range (H2R) | L49: Zero CO2 emissions range | N49: Electric range for UF | O49: UF | Q49: FC_ZEV_AuxHeater | R49: CO2_ZEV_AuxHeater
E50: [km/h] | F50: [lit/100km] ... | G50: [g/km] ... | H50: [kWh/km] ... | I50: [km] | J50: [km] | K50: [km] | L50: [km] | N50: [km] | O50: [-] | Q50: [lit/100km] ... | R50: [g/km] ...
B51: #1 | C51: low | D51: OVC mode CD | E51: (X) | F51: --- | G51: --- | H51: (X) | I51: (X) | J51: (X) | K51: --- | L51: (X) | N51: --- | O51: --- | Q51: (X) | R51: (X)
B52: #1 | C52: low | D52: OVC mode CS | E52: --- | F52: --- | G52: --- | H52: --- | I52: --- | J52: --- | K52: --- | L52: --- | N52: --- | O52: --- | Q52: --- | R52: ---
B53: #1 | C53: low | D53: Total | E53: X | F53: --- | G53: --- | H53: X | I53: X | J53: X | K53: --- | L53: X | N53: --- | O53: --- | Q53: X | R53: X
B54: #1 | C54: rep. | D54: OVC mode CD | E54: (X) | F54: --- | G54: --- | H54: (X) | I54: (X) | J54: (X) | K54: --- | L54: (X) | N54: --- | O54: --- | Q54: (X) | R54: (X)
B55: #1 | C55: rep. | D55: OVC mode CS | E55: --- | F55: --- | G55: --- | H55: --- | I55: --- | J55: --- | K55: --- | L55: --- | N55: --- | O55: --- | Q55: --- | R55: ---
B56: #1 | C56: rep. | D56: Total | E56: X | F56: --- | G56: --- | H56: X | I56: X | J56: X | K56: --- | L56: X | N56: --- | O56: --- | Q56: X | R56: X
B57: #2 | C57: low | D57: OVC mode CD | E57: (X) | F57: --- | G57: --- | H57: (X) | I57: (X) | J57: (X) | K57: --- | L57: (X) | N57: --- | O57: --- | Q57: (X) | R57: (X)
B58: #2 | C58: low | D58: OVC mode CS | E58: --- | F58: --- | G58: --- | H58: --- | I58: --- | J58: --- | K58: --- | L58: --- | N58: --- | O58: --- | Q58: --- | R58: ---
B59: #2 | C59: low | D59: Total | E59: X | F59: --- | G59: --- | H59: X | I59: X | J59: X | K59: --- | L59: X | N59: --- | O59: --- | Q59: X | R59: X
B60: #2 | C60: rep. | D60: OVC mode CD | E60: (X) | F60: --- | G60: --- | H60: (X) | I60: (X) | J60: (X) | K60: --- | L60: (X) | N60: --- | O60: --- | Q60: (X) | R60: (X)
B61: #2 | C61: rep. | D61: OVC mode CS | E61: --- | F61: --- | G61: --- | H61: --- | I61: --- | J61: --- | K61: --- | L61: --- | N61: --- | O61: --- | Q61: --- | R61: ---
B62: #2 | C62: rep. | D62: Total | E62: X | F62: --- | G62: --- | H62: X | I62: X | J62: X | K62: --- | L62: X | N62: --- | O62: --- | Q62: X | R62: X
B63: #3 | C63: ... | D63: ... | E63: ... | F63: --- | G63: --- | H63: ... | I63: ... | J63: ... | K63: --- | N63: --- | O63: --- | Q63: ... | R63: ...
B64: weighted | E64: --- | F64: --- | G64: --- | H64: X | I64: X | J64: X | K64: --- | L64: X | N64: --- | O64: --- | Q64: X | R64: X

Sheet GenericData_VehicleOperation
B2: Vehicle group | D2: Annual mileage [km/a] | N2: Working days p.a. | O2: Daily mission specific mileage [km/d] | Z2: Vehicle group | AA2: Stationary charging during mission [kWh] | AL2: Vehicle group | AM2: Share of distance of total mission where in-motion charging infrastructure is available OVERHEAD CATENARY | AX2: Real world usage factors
D3: Long haul | E3: Regional delivery | F3: Urban delivery | G3: Municipal delivery | H3: Construction | I3: Heavy Urban | J3: Urban | K3: Suburban | L3: Interurban | M3: Coach | O3: Long haul | P3: Regional delivery | Q3: Urban delivery | R3: Municipal delivery | S3: Con-struction | T3: Heavy Urban | U3: Urban | V3: Suburban | W3: Interurban | X3: Coach | AA3: Long haul | AB3: Regional delivery | AC3: Urban delivery | AD3: Municipal delivery | AE3: Con-struction | AF3: Heavy Urban | AG3: Urban | AH3: Suburban | AI3: Interurban | AJ3: Coach | AM3: Long haul | AN3: Regional delivery | AO3: Urban delivery | AP3: Municipal delivery | AQ3: Con-struction | AR3: Heavy Urban | AS3: Urban | AT3: Suburban | AU3: Interurban | AV3: Coach | AX3: Start SOC before mission (depot) RF_StartSOC | AY3: Stationary charging during mission RF_StatCharge | AZ3: Real world factor in-motion charging during mission (lift in % of useable SOC) RF_IM_SOCLift
B4: 53 | D4: --- | E4: 80000 | F4: 60000 | G4: --- | H4: --- | I4: --- | J4: --- | K4: --- | L4: --- | M4: --- | N4: 250 | O4: --- | P4: =E4/$N4 -> 320 | Q4: =F4/$N4 -> 240 | R4: --- | S4: --- | T4: --- | U4: --- | V4: --- | W4: --- | X4: --- | Z4: 53 | AA4: --- | AB4: =AB31*AB58*AB85*$AY4 -> 125 | AC4: =AC31*AC58*AC85*$AY4 -> 250 | AD4: --- | AE4: --- | AF4: --- | AG4: --- | AH4: --- | AI4: --- | AJ4: --- | AL4: 53 | AM4: --- | AN4: 0 | AO4: 0 | AP4: --- | AQ4: --- | AR4: --- | AS4: --- | AT4: --- | AU4: --- | AV4: --- | AX4: 0.75 | AY4: 0.5 | AZ4: 0.5
B5: 54 | D5: --- | E5: 80000 | F5: 60000 | G5: --- | H5: --- | I5: --- | J5: --- | K5: --- | L5: --- | M5: --- | N5: 250 | O5: --- | P5: =E5/$N5 -> 320 | Q5: =F5/$N5 -> 240 | R5: --- | S5: --- | T5: --- | U5: --- | V5: --- | W5: --- | X5: --- | Z5: 54 | AA5: --- | AB5: =AB32*AB59*AB86*$AY5 -> 125 | AC5: =AC32*AC59*AC86*$AY5 -> 250 | AD5: --- | AE5: --- | AF5: --- | AG5: --- | AH5: --- | AI5: --- | AJ5: --- | AL5: 54 | AM5: --- | AN5: 0 | AO5: 0 | AP5: --- | AQ5: --- | AR5: --- | AS5: --- | AT5: --- | AU5: --- | AV5: --- | AX5: 0.75 | AY5: 0.5 | AZ5: 0.5
B6: 1s | D6: --- | E6: 80000 | F6: 60000 | G6: --- | H6: --- | I6: --- | J6: --- | K6: --- | L6: --- | M6: --- | N6: 250 | O6: --- | P6: =E6/$N6 -> 320 | Q6: =F6/$N6 -> 240 | R6: --- | S6: --- | T6: --- | U6: --- | V6: --- | W6: --- | X6: --- | Z6: 1s | AA6: --- | AB6: =AB33*AB60*AB87*$AY6 -> 125 | AC6: =AC33*AC60*AC87*$AY6 -> 250 | AD6: --- | AE6: --- | AF6: --- | AG6: --- | AH6: --- | AI6: --- | AJ6: --- | AL6: 1s | AM6: --- | AN6: =0.67/2 -> 0.335 | AO6: 0 | AP6: --- | AQ6: --- | AR6: --- | AS6: --- | AT6: --- | AU6: --- | AV6: --- | AX6: 0.75 | AY6: 0.5 | AZ6: 0.5
B7: 1 | D7: --- | E7: 80000 | F7: 60000 | G7: --- | H7: --- | I7: --- | J7: --- | K7: --- | L7: --- | M7: --- | N7: 250 | O7: --- | P7: =E7/$N7 -> 320 | Q7: =F7/$N7 -> 240 | R7: --- | S7: --- | T7: --- | U7: --- | V7: --- | W7: --- | X7: --- | Z7: 1 | AA7: --- | AB7: =AB34*AB61*AB88*$AY7 -> 125 | AC7: =AC34*AC61*AC88*$AY7 -> 250 | AD7: --- | AE7: --- | AF7: --- | AG7: --- | AH7: --- | AI7: --- | AJ7: --- | AL7: 1 | AM7: --- | AN7: =0.67/2 -> 0.335 | AO7: 0 | AP7: --- | AQ7: --- | AR7: --- | AS7: --- | AT7: --- | AU7: --- | AV7: --- | AX7: 0.75 | AY7: 0.5 | AZ7: 0.5
B8: 2 | D8: 120000 | E8: 80000 | F8: 60000 | G8: --- | H8: --- | I8: --- | J8: --- | K8: --- | L8: --- | M8: --- | N8: 250 | O8: =D8/$N8 -> 480 | P8: =E8/$N8 -> 320 | Q8: =F8/$N8 -> 240 | R8: --- | S8: --- | T8: --- | U8: --- | V8: --- | W8: --- | X8: --- | Z8: 2 | AA8: =AA35*AA62*AA89*$AY8 -> 125 | AB8: =AB35*AB62*AB89*$AY8 -> 125 | AC8: =AC35*AC62*AC89*$AY8 -> 250 | AD8: --- | AE8: --- | AF8: --- | AG8: --- | AH8: --- | AI8: --- | AJ8: --- | AL8: 2 | AM8: =0.5*1 -> 0.5 | AN8: =0.67/2 -> 0.335 | AO8: 0 | AP8: --- | AQ8: --- | AR8: --- | AS8: --- | AT8: --- | AU8: --- | AV8: --- | AX8: 0.75 | AY8: 0.5 | AZ8: 0.5
B9: 3 | D9: --- | E9: 80000 | F9: 60000 | G9: --- | H9: --- | I9: --- | J9: --- | K9: --- | L9: --- | M9: --- | N9: 250 | O9: --- | P9: =E9/$N9 -> 320 | Q9: =F9/$N9 -> 240 | R9: --- | S9: --- | T9: --- | U9: --- | V9: --- | W9: --- | X9: --- | Z9: 3 | AA9: --- | AB9: =AB36*AB63*AB90*$AY9 -> 125 | AC9: =AC36*AC63*AC90*$AY9 -> 250 | AD9: --- | AE9: --- | AF9: --- | AG9: --- | AH9: --- | AI9: --- | AJ9: --- | AL9: 3 | AM9: --- | AN9: =0.67/2 -> 0.335 | AO9: 0 | AP9: --- | AQ9: --- | AR9: --- | AS9: --- | AT9: --- | AU9: --- | AV9: --- | AX9: 0.75 | AY9: 0.5 | AZ9: 0.5
B10: 4 | D10: 120000 | E10: 80000 | F10: 60000 | G10: 25000 | H10: 60000 | I10: --- | J10: --- | K10: --- | L10: --- | M10: --- | N10: 250 | O10: =D10/$N10 -> 480 | P10: =E10/$N10 -> 320 | Q10: =F10/$N10 -> 240 | R10: =G10/$N10 -> 100 | S10: =H10/$N10 -> 240 | T10: --- | U10: --- | V10: --- | W10: --- | X10: --- | Z10: 4 | AA10: =AA37*AA64*AA91*$AY10 -> 125 | AB10: =AB37*AB64*AB91*$AY10 -> 125 | AC10: =AC37*AC64*AC91*$AY10 -> 250 | AD10: =AD37*AD64*AD91*$AY10 -> 150 | AE10: =AE37*AE64*AE91*$AY10 -> 50 | AF10: --- | AG10: --- | AH10: --- | AI10: --- | AJ10: --- | AL10: 4 | AM10: =0.5*1 -> 0.5 | AN10: =0.67/2 -> 0.335 | AO10: 0 | AP10: 0 | AQ10: 0 | AR10: --- | AS10: --- | AT10: --- | AU10: --- | AV10: --- | AX10: 0.75 | AY10: 0.5 | AZ10: 0.5
B11: 5 | D11: 120000 | E11: 80000 | F11: 60000 | G11: --- | H11: 60000 | I11: --- | J11: --- | K11: --- | L11: --- | M11: --- | N11: 250 | O11: =D11/$N11 -> 480 | P11: =E11/$N11 -> 320 | Q11: =F11/$N11 -> 240 | R11: --- | S11: =H11/$N11 -> 240 | T11: --- | U11: --- | V11: --- | W11: --- | X11: --- | Z11: 5 | AA11: =AA38*AA65*AA92*$AY11 -> 125 | AB11: =AB38*AB65*AB92*$AY11 -> 125 | AC11: =AC38*AC65*AC92*$AY11 -> 250 | AD11: --- | AE11: =AE38*AE65*AE92*$AY11 -> 50 | AF11: --- | AG11: --- | AH11: --- | AI11: --- | AJ11: --- | AL11: 5 | AM11: =0.5*1 -> 0.5 | AN11: =0.67/2 -> 0.335 | AO11: 0 | AP11: --- | AQ11: 0 | AR11: --- | AS11: --- | AT11: --- | AU11: --- | AV11: --- | AX11: 0.75 | AY11: 0.5 | AZ11: 0.5
B12: 9 | D12: 120000 | E12: 80000 | F12: --- | G12: 25000 | H12: 60000 | I12: --- | J12: --- | K12: --- | L12: --- | M12: --- | N12: 250 | O12: =D12/$N12 -> 480 | P12: =E12/$N12 -> 320 | Q12: --- | R12: =G12/$N12 -> 100 | S12: =H12/$N12 -> 240 | T12: --- | U12: --- | V12: --- | W12: --- | X12: --- | Z12: 9 | AA12: =AA39*AA66*AA93*$AY12 -> 125 | AB12: =AB39*AB66*AB93*$AY12 -> 125 | AC12: --- | AD12: =AD39*AD66*AD93*$AY12 -> 150 | AE12: =AE39*AE66*AE93*$AY12 -> 50 | AF12: --- | AG12: --- | AH12: --- | AI12: --- | AJ12: --- | AL12: 9 | AM12: =0.5*1 -> 0.5 | AN12: =0.67/2 -> 0.335 | AO12: --- | AP12: 0 | AQ12: 0 | AR12: --- | AS12: --- | AT12: --- | AU12: --- | AV12: --- | AX12: 0.75 | AY12: 0.5 | AZ12: 0.5
B13: 10 | D13: 120000 | E13: 80000 | F13: --- | G13: --- | H13: 60000 | I13: --- | J13: --- | K13: --- | L13: --- | M13: --- | N13: 250 | O13: =D13/$N13 -> 480 | P13: =E13/$N13 -> 320 | Q13: --- | R13: --- | S13: =H13/$N13 -> 240 | T13: --- | U13: --- | V13: --- | W13: --- | X13: --- | Z13: 10 | AA13: =AA40*AA67*AA94*$AY13 -> 125 | AB13: =AB40*AB67*AB94*$AY13 -> 125 | AC13: --- | AD13: --- | AE13: =AE40*AE67*AE94*$AY13 -> 50 | AF13: --- | AG13: --- | AH13: --- | AI13: --- | AJ13: --- | AL13: 10 | AM13: =0.5*1 -> 0.5 | AN13: =0.67/2 -> 0.335 | AO13: --- | AP13: --- | AQ13: 0 | AR13: --- | AS13: --- | AT13: --- | AU13: --- | AV13: --- | AX13: 0.75 | AY13: 0.5 | AZ13: 0.5
B14: 11 | D14: 120000 | E14: 80000 | F14: --- | G14: 25000 | H14: 60000 | I14: --- | J14: --- | K14: --- | L14: --- | M14: --- | N14: 250 | O14: =D14/$N14 -> 480 | P14: =E14/$N14 -> 320 | Q14: --- | R14: =G14/$N14 -> 100 | S14: =H14/$N14 -> 240 | T14: --- | U14: --- | V14: --- | W14: --- | X14: --- | Z14: 11 | AA14: =AA41*AA68*AA95*$AY14 -> 125 | AB14: =AB41*AB68*AB95*$AY14 -> 125 | AC14: --- | AD14: =AD41*AD68*AD95*$AY14 -> 150 | AE14: =AE41*AE68*AE95*$AY14 -> 50 | AF14: --- | AG14: --- | AH14: --- | AI14: --- | AJ14: --- | AL14: 11 | AM14: =0.5*1 -> 0.5 | AN14: =0.67/2 -> 0.335 | AO14: --- | AP14: 0 | AQ14: 0 | AR14: --- | AS14: --- | AT14: --- | AU14: --- | AV14: --- | AX14: 0.75 | AY14: 0.5 | AZ14: 0.5
B15: 12 | D15: 120000 | E15: 80000 | F15: --- | G15: --- | H15: 60000 | I15: --- | J15: --- | K15: --- | L15: --- | M15: --- | N15: 250 | O15: =D15/$N15 -> 480 | P15: =E15/$N15 -> 320 | Q15: --- | R15: --- | S15: =H15/$N15 -> 240 | T15: --- | U15: --- | V15: --- | W15: --- | X15: --- | Z15: 12 | AA15: =AA42*AA69*AA96*$AY15 -> 125 | AB15: =AB42*AB69*AB96*$AY15 -> 125 | AC15: --- | AD15: --- | AE15: =AE42*AE69*AE96*$AY15 -> 50 | AF15: --- | AG15: --- | AH15: --- | AI15: --- | AJ15: --- | AL15: 12 | AM15: =0.5*1 -> 0.5 | AN15: =0.67/2 -> 0.335 | AO15: --- | AP15: --- | AQ15: 0 | AR15: --- | AS15: --- | AT15: --- | AU15: --- | AV15: --- | AX15: 0.75 | AY15: 0.5 | AZ15: 0.5
B16: 16 | D16: --- | E16: --- | F16: --- | G16: --- | H16: 60000 | I16: --- | J16: --- | K16: --- | L16: --- | M16: --- | N16: 250 | O16: --- | P16: --- | Q16: --- | R16: --- | S16: =H16/$N16 -> 240 | T16: --- | U16: --- | V16: --- | W16: --- | X16: --- | Z16: 16 | AA16: --- | AB16: --- | AC16: --- | AD16: --- | AE16: =AE43*AE70*AE97*$AY16 -> 50 | AF16: --- | AG16: --- | AH16: --- | AI16: --- | AJ16: --- | AL16: 16 | AM16: --- | AN16: --- | AO16: --- | AP16: --- | AQ16: 0 | AR16: --- | AS16: --- | AT16: --- | AU16: --- | AV16: --- | AX16: 0.75 | AY16: 0.5 | AZ16: 0.5
B17: 31 | D17: --- | E17: --- | F17: --- | G17: --- | H17: --- | I17: 60000 | J17: 60000 | K17: 60000 | L17: 80000 | M17: --- | N17: 250 | O17: --- | P17: --- | Q17: --- | R17: --- | S17: --- | T17: =I17/$N17 -> 240 | U17: =J17/$N17 -> 240 | V17: =K17/$N17 -> 240 | W17: =L17/$N17 -> 320 | X17: --- | Z17: 31 | AA17: --- | AB17: --- | AC17: --- | AD17: --- | AE17: --- | AF17: =AF44*AF71*AF98*$AY17 -> 675 | AG17: =AG44*AG71*AG98*$AY17 -> 675 | AH17: =AH44*AH71*AH98*$AY17 -> 675 | AI17: =AI44*AI71*AI98*$AY17 -> 225 | AJ17: --- | AL17: 31 | AM17: --- | AN17: --- | AO17: --- | AP17: --- | AQ17: --- | AR17: 0.3 | AS17: 0.3 | AT17: 0.3 | AU17: 0.3 | AV17: --- | AX17: 0.9 | AY17: 0.9 | AZ17: 0.5
B18: 32 | D18: --- | E18: --- | F18: --- | G18: --- | H18: --- | I18: --- | J18: --- | K18: --- | L18: 80000 | M18: 100000 | N18: 250 | O18: --- | P18: --- | Q18: --- | R18: --- | S18: --- | T18: --- | U18: --- | V18: --- | W18: =L18/$N18 -> 320 | X18: =M18/$N18 -> 400 | Z18: 32 | AA18: --- | AB18: --- | AC18: --- | AD18: --- | AE18: --- | AF18: --- | AG18: --- | AH18: --- | AI18: =AI45*AI72*AI99*$AY18 -> 125 | AJ18: =AJ45*AJ72*AJ99*$AY18 -> 225 | AL18: 32 | AM18: --- | AN18: --- | AO18: --- | AP18: --- | AQ18: --- | AR18: --- | AS18: --- | AT18: --- | AU18: 0.3 | AV18: 0.3 | AX18: 0.9 | AY18: 0.5 | AZ18: 0.5
B19: 33 | D19: --- | E19: --- | F19: --- | G19: --- | H19: --- | I19: 60000 | J19: 60000 | K19: 60000 | L19: 80000 | M19: --- | N19: 250 | O19: --- | P19: --- | Q19: --- | R19: --- | S19: --- | T19: =I19/$N19 -> 240 | U19: =J19/$N19 -> 240 | V19: =K19/$N19 -> 240 | W19: =L19/$N19 -> 320 | X19: --- | Z19: 33 | AA19: --- | AB19: --- | AC19: --- | AD19: --- | AE19: --- | AF19: =AF46*AF73*AF100*$AY19 -> 675 | AG19: =AG46*AG73*AG100*$AY19 -> 675 | AH19: =AH46*AH73*AH100*$AY19 -> 675 | AI19: =AI46*AI73*AI100*$AY19 -> 225 | AJ19: --- | AL19: 33 | AM19: --- | AN19: --- | AO19: --- | AP19: --- | AQ19: --- | AR19: 0.3 | AS19: 0.3 | AT19: 0.3 | AU19: 0.3 | AV19: --- | AX19: 0.9 | AY19: 0.9 | AZ19: 0.5
B20: 34 | D20: --- | E20: --- | F20: --- | G20: --- | H20: --- | I20: --- | J20: --- | K20: --- | L20: 80000 | M20: 100000 | N20: 250 | O20: --- | P20: --- | Q20: --- | R20: --- | S20: --- | T20: --- | U20: --- | V20: --- | W20: =L20/$N20 -> 320 | X20: =M20/$N20 -> 400 | Z20: 34 | AA20: --- | AB20: --- | AC20: --- | AD20: --- | AE20: --- | AF20: --- | AG20: --- | AH20: --- | AI20: =AI47*AI74*AI101*$AY20 -> 125 | AJ20: =AJ47*AJ74*AJ101*$AY20 -> 225 | AL20: 34 | AM20: --- | AN20: --- | AO20: --- | AP20: --- | AQ20: --- | AR20: --- | AS20: --- | AT20: --- | AU20: 0.3 | AV20: 0.3 | AX20: 0.9 | AY20: 0.5 | AZ20: 0.5
B21: 35 | D21: --- | E21: --- | F21: --- | G21: --- | H21: --- | I21: 60000 | J21: 60000 | K21: 60000 | L21: 80000 | M21: --- | N21: 250 | O21: --- | P21: --- | Q21: --- | R21: --- | S21: --- | T21: =I21/$N21 -> 240 | U21: =J21/$N21 -> 240 | V21: =K21/$N21 -> 240 | W21: =L21/$N21 -> 320 | X21: --- | Z21: 35 | AA21: --- | AB21: --- | AC21: --- | AD21: --- | AE21: --- | AF21: =AF48*AF75*AF102*$AY21 -> 675 | AG21: =AG48*AG75*AG102*$AY21 -> 675 | AH21: =AH48*AH75*AH102*$AY21 -> 675 | AI21: =AI48*AI75*AI102*$AY21 -> 225 | AJ21: --- | AL21: 35 | AM21: --- | AN21: --- | AO21: --- | AP21: --- | AQ21: --- | AR21: 0.3 | AS21: 0.3 | AT21: 0.3 | AU21: 0.3 | AV21: --- | AX21: 0.9 | AY21: 0.9 | AZ21: 0.5
B22: 36 | D22: --- | E22: --- | F22: --- | G22: --- | H22: --- | I22: --- | J22: --- | K22: --- | L22: 80000 | M22: 100000 | N22: 250 | O22: --- | P22: --- | Q22: --- | R22: --- | S22: --- | T22: --- | U22: --- | V22: --- | W22: =L22/$N22 -> 320 | X22: =M22/$N22 -> 400 | Z22: 36 | AA22: --- | AB22: --- | AC22: --- | AD22: --- | AE22: --- | AF22: --- | AG22: --- | AH22: --- | AI22: =AI49*AI76*AI103*$AY22 -> 125 | AJ22: =AJ49*AJ76*AJ103*$AY22 -> 225 | AL22: 36 | AM22: --- | AN22: --- | AO22: --- | AP22: --- | AQ22: --- | AR22: --- | AS22: --- | AT22: --- | AU22: 0.3 | AV22: 0.3 | AX22: 0.9 | AY22: 0.5 | AZ22: 0.5
B23: 37 | D23: --- | E23: --- | F23: --- | G23: --- | H23: --- | I23: 60000 | J23: 60000 | K23: 60000 | L23: 80000 | M23: --- | N23: 250 | O23: --- | P23: --- | Q23: --- | R23: --- | S23: --- | T23: =I23/$N23 -> 240 | U23: =J23/$N23 -> 240 | V23: =K23/$N23 -> 240 | W23: =L23/$N23 -> 320 | X23: --- | Z23: 37 | AA23: --- | AB23: --- | AC23: --- | AD23: --- | AE23: --- | AF23: =AF50*AF77*AF104*$AY23 -> 675 | AG23: =AG50*AG77*AG104*$AY23 -> 675 | AH23: =AH50*AH77*AH104*$AY23 -> 675 | AI23: =AI50*AI77*AI104*$AY23 -> 225 | AJ23: --- | AL23: 37 | AM23: --- | AN23: --- | AO23: --- | AP23: --- | AQ23: --- | AR23: 0.3 | AS23: 0.3 | AT23: 0.3 | AU23: 0.3 | AV23: --- | AX23: 0.9 | AY23: 0.9 | AZ23: 0.5
B24: 38 | D24: --- | E24: --- | F24: --- | G24: --- | H24: --- | I24: --- | J24: --- | K24: --- | L24: 80000 | M24: 100000 | N24: 250 | O24: --- | P24: --- | Q24: --- | R24: --- | S24: --- | T24: --- | U24: --- | V24: --- | W24: =L24/$N24 -> 320 | X24: =M24/$N24 -> 400 | Z24: 38 | AA24: --- | AB24: --- | AC24: --- | AD24: --- | AE24: --- | AF24: --- | AG24: --- | AH24: --- | AI24: =AI51*AI78*AI105*$AY24 -> 125 | AJ24: =AJ51*AJ78*AJ105*$AY24 -> 225 | AL24: 38 | AM24: --- | AN24: --- | AO24: --- | AP24: --- | AQ24: --- | AR24: --- | AS24: --- | AT24: --- | AU24: 0.3 | AV24: 0.3 | AX24: 0.9 | AY24: 0.5 | AZ24: 0.5
B25: 39 | D25: --- | E25: --- | F25: --- | G25: --- | H25: --- | I25: 60000 | J25: 60000 | K25: 60000 | L25: 80000 | M25: --- | N25: 250 | O25: --- | P25: --- | Q25: --- | R25: --- | S25: --- | T25: =I25/$N25 -> 240 | U25: =J25/$N25 -> 240 | V25: =K25/$N25 -> 240 | W25: =L25/$N25 -> 320 | X25: --- | Z25: 39 | AA25: --- | AB25: --- | AC25: --- | AD25: --- | AE25: --- | AF25: =AF52*AF79*AF106*$AY25 -> 675 | AG25: =AG52*AG79*AG106*$AY25 -> 675 | AH25: =AH52*AH79*AH106*$AY25 -> 675 | AI25: =AI52*AI79*AI106*$AY25 -> 225 | AJ25: --- | AL25: 39 | AM25: --- | AN25: --- | AO25: --- | AP25: --- | AQ25: --- | AR25: 0.3 | AS25: 0.3 | AT25: 0.3 | AU25: 0.3 | AV25: --- | AX25: 0.9 | AY25: 0.9 | AZ25: 0.5
B26: 40 | D26: --- | E26: --- | F26: --- | G26: --- | H26: --- | I26: --- | J26: --- | K26: --- | L26: 80000 | M26: 100000 | N26: 250 | O26: --- | P26: --- | Q26: --- | R26: --- | S26: --- | T26: --- | U26: --- | V26: --- | W26: =L26/$N26 -> 320 | X26: =M26/$N26 -> 400 | Z26: 40 | AA26: --- | AB26: --- | AC26: --- | AD26: --- | AE26: --- | AF26: --- | AG26: --- | AH26: --- | AI26: =AI53*AI80*AI107*$AY26 -> 125 | AJ26: =AJ53*AJ80*AJ107*$AY26 -> 225 | AL26: 40 | AM26: --- | AN26: --- | AO26: --- | AP26: --- | AQ26: --- | AR26: --- | AS26: --- | AT26: --- | AU26: 0.3 | AV26: 0.3 | AX26: 0.9 | AY26: 0.5 | AZ26: 0.5
Z29: Vehicle group | AA29: Stationary charging max power from infrastructure [kW] | AL29: Vehicle group | AM29: Share of distance of total mission where in-motion charging infrastructure is available TROLLEY
AA30: Long haul | AB30: Regional delivery | AC30: Urban delivery | AD30: Municipal delivery | AE30: Con-struction | AF30: Heavy Urban | AG30: Urban | AH30: Suburban | AI30: Interurban | AJ30: Coach | AM30: Long haul | AN30: Regional delivery | AO30: Urban delivery | AP30: Municipal delivery | AQ30: Con-struction | AR30: Heavy Urban | AS30: Urban | AT30: Suburban | AU30: Interurban | AV30: Coach
Z31: 53 | AA31: --- | AB31: 250 | AC31: 250 | AD31: --- | AE31: --- | AF31: --- | AG31: --- | AH31: --- | AI31: --- | AJ31: --- | AL31: 53 | AM31: --- | AN31: 0 | AO31: 0 | AP31: --- | AQ31: --- | AR31: --- | AS31: --- | AT31: --- | AU31: --- | AV31: ---
Z32: 54 | AA32: --- | AB32: 250 | AC32: 250 | AD32: --- | AE32: --- | AF32: --- | AG32: --- | AH32: --- | AI32: --- | AJ32: --- | AL32: 54 | AM32: --- | AN32: 0 | AO32: 0 | AP32: --- | AQ32: --- | AR32: --- | AS32: --- | AT32: --- | AU32: --- | AV32: ---
Z33: 1s | AA33: --- | AB33: 250 | AC33: 250 | AD33: --- | AE33: --- | AF33: --- | AG33: --- | AH33: --- | AI33: --- | AJ33: --- | AL33: 1s | AM33: --- | AN33: 0 | AO33: 0 | AP33: --- | AQ33: --- | AR33: --- | AS33: --- | AT33: --- | AU33: --- | AV33: ---
Z34: 1 | AA34: --- | AB34: 250 | AC34: 250 | AD34: --- | AE34: --- | AF34: --- | AG34: --- | AH34: --- | AI34: --- | AJ34: --- | AL34: 1 | AM34: --- | AN34: 0 | AO34: 0 | AP34: --- | AQ34: --- | AR34: --- | AS34: --- | AT34: --- | AU34: --- | AV34: ---
Z35: 2 | AA35: 500 | AB35: 250 | AC35: 250 | AD35: --- | AE35: --- | AF35: --- | AG35: --- | AH35: --- | AI35: --- | AJ35: --- | AL35: 2 | AM35: 0 | AN35: 0 | AO35: 0 | AP35: --- | AQ35: --- | AR35: --- | AS35: --- | AT35: --- | AU35: --- | AV35: ---
Z36: 3 | AA36: --- | AB36: 250 | AC36: 250 | AD36: --- | AE36: --- | AF36: --- | AG36: --- | AH36: --- | AI36: --- | AJ36: --- | AL36: 3 | AM36: --- | AN36: 0 | AO36: 0 | AP36: --- | AQ36: --- | AR36: --- | AS36: --- | AT36: --- | AU36: --- | AV36: ---
Z37: 4 | AA37: 500 | AB37: 250 | AC37: 250 | AD37: 150 | AE37: 100 | AF37: --- | AG37: --- | AH37: --- | AI37: --- | AJ37: --- | AL37: 4 | AM37: 0 | AN37: 0 | AO37: 0 | AP37: 0 | AQ37: 0 | AR37: --- | AS37: --- | AT37: --- | AU37: --- | AV37: ---
Z38: 5 | AA38: 500 | AB38: 250 | AC38: 250 | AD38: --- | AE38: 100 | AF38: --- | AG38: --- | AH38: --- | AI38: --- | AJ38: --- | AL38: 5 | AM38: 0 | AN38: 0 | AO38: 0 | AP38: --- | AQ38: 0 | AR38: --- | AS38: --- | AT38: --- | AU38: --- | AV38: ---
Z39: 9 | AA39: 500 | AB39: 250 | AC39: --- | AD39: 150 | AE39: 100 | AF39: --- | AG39: --- | AH39: --- | AI39: --- | AJ39: --- | AL39: 9 | AM39: 0 | AN39: 0 | AO39: --- | AP39: 0 | AQ39: 0 | AR39: --- | AS39: --- | AT39: --- | AU39: --- | AV39: ---
Z40: 10 | AA40: 500 | AB40: 250 | AC40: --- | AD40: --- | AE40: 100 | AF40: --- | AG40: --- | AH40: --- | AI40: --- | AJ40: --- | AL40: 10 | AM40: 0 | AN40: 0 | AO40: --- | AP40: --- | AQ40: 0 | AR40: --- | AS40: --- | AT40: --- | AU40: --- | AV40: ---
Z41: 11 | AA41: 500 | AB41: 250 | AC41: --- | AD41: 150 | AE41: 100 | AF41: --- | AG41: --- | AH41: --- | AI41: --- | AJ41: --- | AL41: 11 | AM41: 0 | AN41: 0 | AO41: --- | AP41: 0 | AQ41: 0 | AR41: --- | AS41: --- | AT41: --- | AU41: --- | AV41: ---
Z42: 12 | AA42: 500 | AB42: 250 | AC42: --- | AD42: --- | AE42: 100 | AF42: --- | AG42: --- | AH42: --- | AI42: --- | AJ42: --- | AL42: 12 | AM42: 0 | AN42: 0 | AO42: --- | AP42: --- | AQ42: 0 | AR42: --- | AS42: --- | AT42: --- | AU42: --- | AV42: ---
Z43: 16 | AA43: --- | AB43: --- | AC43: --- | AD43: --- | AE43: 100 | AF43: --- | AG43: --- | AH43: --- | AI43: --- | AJ43: --- | AL43: 16 | AM43: --- | AN43: --- | AO43: --- | AP43: --- | AQ43: 0 | AR43: --- | AS43: --- | AT43: --- | AU43: --- | AV43: ---
Z44: 31 | AA44: --- | AB44: --- | AC44: --- | AD44: --- | AE44: --- | AF44: 450 | AG44: 450 | AH44: 450 | AI44: 300 | AJ44: --- | AL44: 31 | AM44: --- | AN44: --- | AO44: --- | AP44: --- | AQ44: --- | AR44: 0.8 | AS44: 0.8 | AT44: 0.8 | AU44: 0.2 | AV44: ---
Z45: 32 | AA45: --- | AB45: --- | AC45: --- | AD45: --- | AE45: --- | AF45: --- | AG45: --- | AH45: --- | AI45: 300 | AJ45: 300 | AL45: 32 | AM45: --- | AN45: --- | AO45: --- | AP45: --- | AQ45: --- | AR45: --- | AS45: --- | AT45: --- | AU45: 0.2 | AV45: 0
Z46: 33 | AA46: --- | AB46: --- | AC46: --- | AD46: --- | AE46: --- | AF46: 450 | AG46: 450 | AH46: 450 | AI46: 300 | AJ46: --- | AL46: 33 | AM46: --- | AN46: --- | AO46: --- | AP46: --- | AQ46: --- | AR46: 0.8 | AS46: 0.8 | AT46: 0.8 | AU46: 0.2 | AV46: ---
Z47: 34 | AA47: --- | AB47: --- | AC47: --- | AD47: --- | AE47: --- | AF47: --- | AG47: --- | AH47: --- | AI47: 300 | AJ47: 300 | AL47: 34 | AM47: --- | AN47: --- | AO47: --- | AP47: --- | AQ47: --- | AR47: --- | AS47: --- | AT47: --- | AU47: 0.2 | AV47: 0
Z48: 35 | AA48: --- | AB48: --- | AC48: --- | AD48: --- | AE48: --- | AF48: 450 | AG48: 450 | AH48: 450 | AI48: 300 | AJ48: --- | AL48: 35 | AM48: --- | AN48: --- | AO48: --- | AP48: --- | AQ48: --- | AR48: 0.8 | AS48: 0.8 | AT48: 0.8 | AU48: 0.2 | AV48: ---
Z49: 36 | AA49: --- | AB49: --- | AC49: --- | AD49: --- | AE49: --- | AF49: --- | AG49: --- | AH49: --- | AI49: 300 | AJ49: 300 | AL49: 36 | AM49: --- | AN49: --- | AO49: --- | AP49: --- | AQ49: --- | AR49: --- | AS49: --- | AT49: --- | AU49: 0.2 | AV49: 0
Z50: 37 | AA50: --- | AB50: --- | AC50: --- | AD50: --- | AE50: --- | AF50: 450 | AG50: 450 | AH50: 450 | AI50: 300 | AJ50: --- | AL50: 37 | AM50: --- | AN50: --- | AO50: --- | AP50: --- | AQ50: --- | AR50: 0.8 | AS50: 0.8 | AT50: 0.8 | AU50: 0.2 | AV50: ---
Z51: 38 | AA51: --- | AB51: --- | AC51: --- | AD51: --- | AE51: --- | AF51: --- | AG51: --- | AH51: --- | AI51: 300 | AJ51: 300 | AL51: 38 | AM51: --- | AN51: --- | AO51: --- | AP51: --- | AQ51: --- | AR51: --- | AS51: --- | AT51: --- | AU51: 0.2 | AV51: 0
Z52: 39 | AA52: --- | AB52: --- | AC52: --- | AD52: --- | AE52: --- | AF52: 450 | AG52: 450 | AH52: 450 | AI52: 300 | AJ52: --- | AL52: 39 | AM52: --- | AN52: --- | AO52: --- | AP52: --- | AQ52: --- | AR52: 0.8 | AS52: 0.8 | AT52: 0.8 | AU52: 0.2 | AV52: ---
Z53: 40 | AA53: --- | AB53: --- | AC53: --- | AD53: --- | AE53: --- | AF53: --- | AG53: --- | AH53: --- | AI53: 300 | AJ53: 300 | AL53: 40 | AM53: --- | AN53: --- | AO53: --- | AP53: --- | AQ53: --- | AR53: --- | AS53: --- | AT53: --- | AU53: 0.2 | AV53: 0
Z56: Vehicle group | AA56: Stationary charging duration per event [h] | AL56: Vehicle group | AM56: Share of distance of total mission where in-motion charging infrastructure is available Ground rail and wireless
AA57: Long haul | AB57: Regional delivery | AC57: Urban delivery | AD57: Municipal delivery | AE57: Con-struction | AF57: Heavy Urban | AG57: Urban | AH57: Suburban | AI57: Interurban | AJ57: Coach | AM57: Long haul | AN57: Regional delivery | AO57: Urban delivery | AP57: Municipal delivery | AQ57: Con-struction | AR57: Heavy Urban | AS57: Urban | AT57: Suburban | AU57: Interurban | AV57: Coach
Z58: 53 | AA58: --- | AB58: 0.5 | AC58: 0.5 | AD58: --- | AE58: --- | AF58: --- | AG58: --- | AH58: --- | AI58: --- | AJ58: --- | AL58: 53 | AM58: --- | AN58: 0 | AO58: 0.5 | AP58: --- | AQ58: --- | AR58: --- | AS58: --- | AT58: --- | AU58: --- | AV58: ---
Z59: 54 | AA59: --- | AB59: 0.5 | AC59: 0.5 | AD59: --- | AE59: --- | AF59: --- | AG59: --- | AH59: --- | AI59: --- | AJ59: --- | AL59: 54 | AM59: --- | AN59: 0 | AO59: 0.5 | AP59: --- | AQ59: --- | AR59: --- | AS59: --- | AT59: --- | AU59: --- | AV59: ---
Z60: 1s | AA60: --- | AB60: 0.5 | AC60: 0.5 | AD60: --- | AE60: --- | AF60: --- | AG60: --- | AH60: --- | AI60: --- | AJ60: --- | AL60: 1s | AM60: --- | AN60: 0 | AO60: 0.5 | AP60: --- | AQ60: --- | AR60: --- | AS60: --- | AT60: --- | AU60: --- | AV60: ---
Z61: 1 | AA61: --- | AB61: 0.5 | AC61: 0.5 | AD61: --- | AE61: --- | AF61: --- | AG61: --- | AH61: --- | AI61: --- | AJ61: --- | AL61: 1 | AM61: --- | AN61: 0 | AO61: 0.5 | AP61: --- | AQ61: --- | AR61: --- | AS61: --- | AT61: --- | AU61: --- | AV61: ---
Z62: 2 | AA62: 0.5 | AB62: 0.5 | AC62: 0.5 | AD62: --- | AE62: --- | AF62: --- | AG62: --- | AH62: --- | AI62: --- | AJ62: --- | AL62: 2 | AM62: 0 | AN62: 0 | AO62: 0.5 | AP62: --- | AQ62: --- | AR62: --- | AS62: --- | AT62: --- | AU62: --- | AV62: ---
Z63: 3 | AA63: --- | AB63: 0.5 | AC63: 0.5 | AD63: --- | AE63: --- | AF63: --- | AG63: --- | AH63: --- | AI63: --- | AJ63: --- | AL63: 3 | AM63: --- | AN63: 0 | AO63: 0.5 | AP63: --- | AQ63: --- | AR63: --- | AS63: --- | AT63: --- | AU63: --- | AV63: ---
Z64: 4 | AA64: 0.5 | AB64: 0.5 | AC64: 0.5 | AD64: 0.5 | AE64: 0.5 | AF64: --- | AG64: --- | AH64: --- | AI64: --- | AJ64: --- | AL64: 4 | AM64: 0 | AN64: 0 | AO64: 0.5 | AP64: 0.5 | AQ64: 0 | AR64: --- | AS64: --- | AT64: --- | AU64: --- | AV64: ---
Z65: 5 | AA65: 0.5 | AB65: 0.5 | AC65: 0.5 | AD65: --- | AE65: 0.5 | AF65: --- | AG65: --- | AH65: --- | AI65: --- | AJ65: --- | AL65: 5 | AM65: 0 | AN65: 0 | AO65: 0.5 | AP65: --- | AQ65: 0 | AR65: --- | AS65: --- | AT65: --- | AU65: --- | AV65: ---
Z66: 9 | AA66: 0.5 | AB66: 0.5 | AC66: --- | AD66: 0.5 | AE66: 0.5 | AF66: --- | AG66: --- | AH66: --- | AI66: --- | AJ66: --- | AL66: 9 | AM66: 0 | AN66: 0 | AO66: --- | AP66: 0.5 | AQ66: 0 | AR66: --- | AS66: --- | AT66: --- | AU66: --- | AV66: ---
Z67: 10 | AA67: 0.5 | AB67: 0.5 | AC67: --- | AD67: --- | AE67: 0.5 | AF67: --- | AG67: --- | AH67: --- | AI67: --- | AJ67: --- | AL67: 10 | AM67: 0 | AN67: 0 | AO67: --- | AP67: --- | AQ67: 0 | AR67: --- | AS67: --- | AT67: --- | AU67: --- | AV67: ---
Z68: 11 | AA68: 0.5 | AB68: 0.5 | AC68: --- | AD68: 0.5 | AE68: 0.5 | AF68: --- | AG68: --- | AH68: --- | AI68: --- | AJ68: --- | AL68: 11 | AM68: 0 | AN68: 0 | AO68: --- | AP68: 0.5 | AQ68: 0 | AR68: --- | AS68: --- | AT68: --- | AU68: --- | AV68: ---
Z69: 12 | AA69: 0.5 | AB69: 0.5 | AC69: --- | AD69: --- | AE69: 0.5 | AF69: --- | AG69: --- | AH69: --- | AI69: --- | AJ69: --- | AL69: 12 | AM69: 0 | AN69: 0 | AO69: --- | AP69: --- | AQ69: 0 | AR69: --- | AS69: --- | AT69: --- | AU69: --- | AV69: ---
Z70: 16 | AA70: --- | AB70: --- | AC70: --- | AD70: --- | AE70: 0.5 | AF70: --- | AG70: --- | AH70: --- | AI70: --- | AJ70: --- | AL70: 16 | AM70: --- | AN70: --- | AO70: --- | AP70: --- | AQ70: 0 | AR70: --- | AS70: --- | AT70: --- | AU70: --- | AV70: ---
Z71: 31 | AA71: --- | AB71: --- | AC71: --- | AD71: --- | AE71: --- | AF71: =1/6 -> 0.16666667 | AG71: =1/6 -> 0.16666667 | AH71: =1/6 -> 0.16666667 | AI71: =1/6 -> 0.16666667 | AJ71: --- | AL71: 31 | AM71: --- | AN71: --- | AO71: --- | AP71: --- | AQ71: --- | AR71: 0.5 | AS71: 0.5 | AT71: 0.5 | AU71: 0 | AV71: ---
Z72: 32 | AA72: --- | AB72: --- | AC72: --- | AD72: --- | AE72: --- | AF72: --- | AG72: --- | AH72: --- | AI72: =1/6 -> 0.16666667 | AJ72: 0.75 | AL72: 32 | AM72: --- | AN72: --- | AO72: --- | AP72: --- | AQ72: --- | AR72: --- | AS72: --- | AT72: --- | AU72: 0 | AV72: 0
Z73: 33 | AA73: --- | AB73: --- | AC73: --- | AD73: --- | AE73: --- | AF73: =1/6 -> 0.16666667 | AG73: =1/6 -> 0.16666667 | AH73: =1/6 -> 0.16666667 | AI73: =1/6 -> 0.16666667 | AJ73: --- | AL73: 33 | AM73: --- | AN73: --- | AO73: --- | AP73: --- | AQ73: --- | AR73: 0.5 | AS73: 0.5 | AT73: 0.5 | AU73: 0 | AV73: ---
Z74: 34 | AA74: --- | AB74: --- | AC74: --- | AD74: --- | AE74: --- | AF74: --- | AG74: --- | AH74: --- | AI74: =1/6 -> 0.16666667 | AJ74: 0.75 | AL74: 34 | AM74: --- | AN74: --- | AO74: --- | AP74: --- | AQ74: --- | AR74: --- | AS74: --- | AT74: --- | AU74: 0 | AV74: 0
Z75: 35 | AA75: --- | AB75: --- | AC75: --- | AD75: --- | AE75: --- | AF75: =1/6 -> 0.16666667 | AG75: =1/6 -> 0.16666667 | AH75: =1/6 -> 0.16666667 | AI75: =1/6 -> 0.16666667 | AJ75: --- | AL75: 35 | AM75: --- | AN75: --- | AO75: --- | AP75: --- | AQ75: --- | AR75: 0.5 | AS75: 0.5 | AT75: 0.5 | AU75: 0 | AV75: ---
Z76: 36 | AA76: --- | AB76: --- | AC76: --- | AD76: --- | AE76: --- | AF76: --- | AG76: --- | AH76: --- | AI76: =1/6 -> 0.16666667 | AJ76: 0.75 | AL76: 36 | AM76: --- | AN76: --- | AO76: --- | AP76: --- | AQ76: --- | AR76: --- | AS76: --- | AT76: --- | AU76: 0 | AV76: 0
Z77: 37 | AA77: --- | AB77: --- | AC77: --- | AD77: --- | AE77: --- | AF77: =1/6 -> 0.16666667 | AG77: =1/6 -> 0.16666667 | AH77: =1/6 -> 0.16666667 | AI77: =1/6 -> 0.16666667 | AJ77: --- | AL77: 37 | AM77: --- | AN77: --- | AO77: --- | AP77: --- | AQ77: --- | AR77: 0.5 | AS77: 0.5 | AT77: 0.5 | AU77: 0 | AV77: ---
Z78: 38 | AA78: --- | AB78: --- | AC78: --- | AD78: --- | AE78: --- | AF78: --- | AG78: --- | AH78: --- | AI78: =1/6 -> 0.16666667 | AJ78: 0.75 | AL78: 38 | AM78: --- | AN78: --- | AO78: --- | AP78: --- | AQ78: --- | AR78: --- | AS78: --- | AT78: --- | AU78: 0 | AV78: 0
Z79: 39 | AA79: --- | AB79: --- | AC79: --- | AD79: --- | AE79: --- | AF79: =1/6 -> 0.16666667 | AG79: =1/6 -> 0.16666667 | AH79: =1/6 -> 0.16666667 | AI79: =1/6 -> 0.16666667 | AJ79: --- | AL79: 39 | AM79: --- | AN79: --- | AO79: --- | AP79: --- | AQ79: --- | AR79: 0.5 | AS79: 0.5 | AT79: 0.5 | AU79: 0 | AV79: ---
Z80: 40 | AA80: --- | AB80: --- | AC80: --- | AD80: --- | AE80: --- | AF80: --- | AG80: --- | AH80: --- | AI80: =1/6 -> 0.16666667 | AJ80: 0.75 | AL80: 40 | AM80: --- | AN80: --- | AO80: --- | AP80: --- | AQ80: --- | AR80: --- | AS80: --- | AT80: --- | AU80: 0 | AV80: 0
Z83: Vehicle group | AA83: Number of charging events during mission [#/day]
AA84: Long haul | AB84: Regional delivery | AC84: Urban delivery | AD84: Municipal | AE84: Con-struction | AF84: Heavy Urban | AG84: Urban | AH84: Suburban | AI84: Interurban | AJ84: Coach
Z85: 53 | AA85: --- | AB85: 2 | AC85: 4 | AD85: --- | AE85: --- | AF85: --- | AG85: --- | AH85: --- | AI85: --- | AJ85: ---
Z86: 54 | AA86: --- | AB86: 2 | AC86: 4 | AD86: --- | AE86: --- | AF86: --- | AG86: --- | AH86: --- | AI86: --- | AJ86: ---
Z87: 1s | AA87: --- | AB87: 2 | AC87: 4 | AD87: --- | AE87: --- | AF87: --- | AG87: --- | AH87: --- | AI87: --- | AJ87: ---
Z88: 1 | AA88: --- | AB88: 2 | AC88: 4 | AD88: --- | AE88: --- | AF88: --- | AG88: --- | AH88: --- | AI88: --- | AJ88: ---
Z89: 2 | AA89: 1 | AB89: 2 | AC89: 4 | AD89: --- | AE89: --- | AF89: --- | AG89: --- | AH89: --- | AI89: --- | AJ89: ---
Z90: 3 | AA90: --- | AB90: 2 | AC90: 4 | AD90: --- | AE90: --- | AF90: --- | AG90: --- | AH90: --- | AI90: --- | AJ90: ---
Z91: 4 | AA91: 1 | AB91: 2 | AC91: 4 | AD91: 4 | AE91: 2 | AF91: --- | AG91: --- | AH91: --- | AI91: --- | AJ91: ---
Z92: 5 | AA92: 1 | AB92: 2 | AC92: 4 | AD92: --- | AE92: 2 | AF92: --- | AG92: --- | AH92: --- | AI92: --- | AJ92: ---
Z93: 9 | AA93: 1 | AB93: 2 | AC93: --- | AD93: 4 | AE93: 2 | AF93: --- | AG93: --- | AH93: --- | AI93: --- | AJ93: ---
Z94: 10 | AA94: 1 | AB94: 2 | AC94: --- | AD94: --- | AE94: 2 | AF94: --- | AG94: --- | AH94: --- | AI94: --- | AJ94: ---
Z95: 11 | AA95: 1 | AB95: 2 | AC95: --- | AD95: 4 | AE95: 2 | AF95: --- | AG95: --- | AH95: --- | AI95: --- | AJ95: ---
Z96: 12 | AA96: 1 | AB96: 2 | AC96: --- | AD96: --- | AE96: 2 | AF96: --- | AG96: --- | AH96: --- | AI96: --- | AJ96: ---
Z97: 16 | AA97: --- | AB97: --- | AC97: --- | AD97: --- | AE97: 2 | AF97: --- | AG97: --- | AH97: --- | AI97: --- | AJ97: ---
Z98: 31 | AA98: --- | AB98: --- | AC98: --- | AD98: --- | AE98: --- | AF98: 10 | AG98: 10 | AH98: 10 | AI98: 5 | AJ98: ---
Z99: 32 | AA99: --- | AB99: --- | AC99: --- | AD99: --- | AE99: --- | AF99: --- | AG99: --- | AH99: --- | AI99: 5 | AJ99: 2
Z100: 33 | AA100: --- | AB100: --- | AC100: --- | AD100: --- | AE100: --- | AF100: 10 | AG100: 10 | AH100: 10 | AI100: 5 | AJ100: ---
Z101: 34 | AA101: --- | AB101: --- | AC101: --- | AD101: --- | AE101: --- | AF101: --- | AG101: --- | AH101: --- | AI101: 5 | AJ101: 2
Z102: 35 | AA102: --- | AB102: --- | AC102: --- | AD102: --- | AE102: --- | AF102: 10 | AG102: 10 | AH102: 10 | AI102: 5 | AJ102: ---
Z103: 36 | AA103: --- | AB103: --- | AC103: --- | AD103: --- | AE103: --- | AF103: --- | AG103: --- | AH103: --- | AI103: 5 | AJ103: 2
Z104: 37 | AA104: --- | AB104: --- | AC104: --- | AD104: --- | AE104: --- | AF104: 10 | AG104: 10 | AH104: 10 | AI104: 5 | AJ104: ---
Z105: 38 | AA105: --- | AB105: --- | AC105: --- | AD105: --- | AE105: --- | AF105: --- | AG105: --- | AH105: --- | AI105: 5 | AJ105: 2
Z106: 39 | AA106: --- | AB106: --- | AC106: --- | AD106: --- | AE106: --- | AF106: 10 | AG106: 10 | AH106: 10 | AI106: 5 | AJ106: ---
Z107: 40 | AA107: --- | AB107: --- | AC107: --- | AD107: --- | AE107: --- | AF107: --- | AG107: --- | AH107: --- | AI107: 5 | AJ107: 2

Sheet Usable_SOC
J3: generic deterioration
J4: 0.05
C6: new vehicle | D6: new vehicle | E6: new vehicle | F6: new vehicle | G6: new vehicle | H6: new vehicle | I6: new vehicle | J6: half of lifetime | K6: half of lifetime | L6: half of lifetime | M6: half of lifetime
C7: generic SOC min | D7: generic SOC max | E7: declared SOC min | F7: declared SOC max | G7: actual SOC min | H7: actual SOC max | I7: useable SOC range | J7: useable SOC range | K7: average of SOC range ("SOCCENTER") | L7: actual SOC min | M7: actual SOC max
B8: PEV | C8: 0.05 | D8: 0.95 | G8: =MAX(C8,E8) -> 0.05 | H8: =MIN(D8,F8) -> 0.95 | I8: =H8-G8 -> 0.9 | J8: =I8*(1-J$4) -> 0.855 | K8: =AVERAGE(G8:H8) -> 0.5 | L8: =K8-J8/2 -> 0.0725 | M8: =K8+J8/2 -> 0.9275
B9: OVC-HEV and OVC_FCHV | C9: 0.15 | D9: 0.85 | E9: 0.3 | F9: 0.8 | G9: =MAX(C9,E9) -> 0.3 | H9: =MIN(D9,F9) -> 0.8 | I9: =H9-G9 -> 0.5 | J9: =I9*(1-J$4) -> 0.475 | K9: =AVERAGE(G9:H9) -> 0.55 | L9: =K9-J9/2 -> 0.3125 | M9: =K9+J9/2 -> 0.7875
B10: NOVC-HEV and NOVC-FCHV | C10: 0.25 | D10: 0.75 | E10: 0.4 | F10: 0.6 | G10: =MAX(C10,E10) -> 0.4 | H10: =MIN(D10,F10) -> 0.6 | I10: =H10-G10 -> 0.2 | J10: =I10*(1-J$4) -> 0.19 | K10: =AVERAGE(G10:H10) -> 0.5 | L10: =K10-J10/2 -> 0.405 | M10: =K10+J10/2 -> 0.595
B13: Remarks:
B14: Declaration of useable SOC range assumed to refer to new vehicle, otherwise it cannot be combined with declared deterioration (what is the vision for the future?)

Sheet BatteryData OVC-HEV
B3: Battery charging efficiency weighted average | C3: [-] | D3: =D9/(D9+D10)*D12 + D10/(D9+D10)*D13 -> 0.98554548
B6: Charging power DEPOT | C6: [kW] | D6: =MAX(10,'Template_OVC-HEV'!D10/6) -> 13.333333
B7: Charging power STATIONARY DURING MISSION | C7: [kW] | D7: =MIN('Template_OVC-HEV'!D9,'Template_OVC-HEV'!D20) -> 150
B9: Charged energy DEPOT | C9: [kWh] | D9: ='Template_OVC-HEV'!D23*'Template_OVC-HEV'!D10 -> 60
B10: Charged energy STATIONARY DURING MISSION | C10: [kWh] | D10: ='Template_OVC-HEV'!D29 -> 36.255537
B12: Battery charging efficiency DEPOT | C12: [-] | D12: =D18 -> 0.99686394
B13: Battery charging efficiency STATIONARY DURING MISSION | C13: [-] | D13: =D22 -> 0.96681432
B16: Charging power Depot | C16: [kW] | D16: =D6 -> 13.333333
B17: Loss power charging Depot | C17: [kW] | D17: =D30 -> 0.041814079
B18: Charging efficiency Depot | C18: - | D18: =1-D17/D16 -> 0.99686394
B20: Charging power during Mission | C20: [kW] | D20: =D7 -> 150
B21: Loss power charging during Mission | C21: [kW] | D21: =D33 -> 4.9778517
B22: Charging efficiency during Mission | C22: - | D22: =1-D21/D20 -> 0.96681432
B25: Calculations for battery component
B26: U_i @ SOC_center | C26: [V] | D26: 650 | F26: result from VECTO - HERE AS INPUT REQUIRED!
B27: R_i @ SOC_center | C27: [Ohm] | D27: 0.1 | F27: result from VECTO - HERE AS INPUT REQUIRED!
B29: Current charging Depot | C29: [A] | D29: =(-D26+SQRT(D26*D26-4*D27*D16*-1*1000))/2/D27 -> 20.448491
B30: P_loss charging Depot | C30: [kW] | D30: =D29*D29*D27/1000 -> 0.041814079
B32: Current charging Mission | C32: [A] | D32: =(-D26+SQRT(D26*D26-4*D27*D20*-1*1000))/2/D27 -> 223.111
B33: P_loss charging Mission | C33: [kW] | D33: =D32*D32*D27/1000 -> 4.9778517

Sheet Template_OVC-HEV
B2: Example: group 5 full hybrid in long haul cycle (OVC HEV, but no IMC)
B4: Colour code
B5: from generic data | D5: 123
B6: from VECTO input / simulation (numerical value as input to this consideration) | D6: 123
B7: as to be calculated for OVC vehicles in post-processing (There is a formula to look at here!) | D7: 123
B9: Max stat. charging power | C9: [kW] | D9: 150 | F9: declared in vehicle input
B10: Useable battery capacity | C10: [kWh] | D10: 80 | F10: certified capacity cut by generic or declared upper/lower limits and generic deterioration factor
B11: Electric energy consumption CD mode (battery internal, SOC) | C11: [kWh/km] | D11: 1.037 | F11: result from VECTO refering to battery internal (SOC related) electric energy
B12: FC CD mode | C12: [l/100km] | D12: 3.85
B13: FC CS mode | C13: [l/100km] | D13: 27.35
B15: Actual charge depleting range (RCDA) | C15: [km] | D15: =D10/D11 -> 77.145612
B16: Equivalent all electric range (EAER) | C16: [km] | D16: =D15*((D13-D12)/D13) -> 66.285992
B17: Zero CO2 emissions range | C17: [km] | D17: =D16 -> 66.285992
B19: Daily specific mileage | C19: [km/d] | D19: =GenericData_VehicleOperation!$O$11 -> 480
B20: Stationary charging during mission max. power from infrastructure | C20: [kW] | D20: =GenericData_VehicleOperation!$AA$38 -> 500
B21: Stationary charging during mission - average duration per event | C21: [h] | D21: =GenericData_VehicleOperation!$AA$65 -> 0.5
B22: Stationary charging during mission - number of events | C22: [-] | D22: =GenericData_VehicleOperation!$AA$92 -> 1
B23: Real world factor usage start SOC (part of max useable) | C23: [-] | D23: =GenericData_VehicleOperation!$AX$11 -> 0.75
B24: Real world factor usage charge during mission | C24: [-] | D24: =GenericData_VehicleOperation!$AY$11 -> 0.5
B25: Charging efficiency battery (weighted average) | C25: [-] | D25: ='BatteryData OVC-HEV'!D3 -> 0.98554548
B27: Electric range for UF from start SOC (stat charging at depot) | C27: [km] | D27: =D15*D23 -> 57.859209
B28: Charging efficiency battery for stationary charging during mission | C28: [-] | D28: ='BatteryData OVC-HEV'!D13 -> 0.96681432
B29: Electric energy charged during mission from stat infrastructure | C29: [kWh] | D29: =MIN(MIN(D9,D20)*D21*D28,D10)*D22*D24 -> 36.255537 | F29: considers limitation in max charging power from vehicle, battery capacity and number of charging events; real world usage factor applied to downscale number of events (and not charging power)
B30: Electric range for UF from stat charging during mission | C30: [km] | D30: =D29/D11 -> 34.961945
B32: UF | C32: [-] | D32: =MIN(1,(D27+D30)/D19) -> 0.1933774 | F32: cannot be >1
B34: EC_el_final CD | C34: [kWh/km] | D34: =D11/D25 -> 1.0522092 | F34: reference = battery terminals, thus battery charging losses to be added
B36: Electric energy consumption weighted CD + CS | C36: [kWh/km] | D36: =D32*D34 -> 0.20347348
B37: Fuel consumption weighted CD + CS | C37: [l/100km] | D37: =D32*D12+(1-D32)*D13 -> 22.805631

Sheet BatteryData PEV
B3: Battery charging efficiency | C3: [-] | D3: =D10 -> 0.99608605
B6: Charging power DEPOT | C6: [kW] | D6: =MAX(10,'Template_OVC-HEV'!D20/6) -> 83.333333
B8: Charged energy DEPOT | C8: [kWh] | D8: ='Template_OVC-HEV'!D23*'Template_OVC-HEV'!D10 -> 60
B10: Battery charging efficiency DEPOT | C10: [-] | D10: =D15 -> 0.99608605
B13: Charging power Depot | C13: [kW] | D13: =D6 -> 83.333333
B14: Loss power charging Depot | C14: [kW] | D14: =D24 -> 0.32616286
B15: Charging efficiency Depot | C15: - | D15: =1-D14/D13 -> 0.99608605
B19: Calculations for battery component
B20: U_i @ SOC_center | C20: [V] | D20: 650 | F20: result from VECTO - HERE AS INPUT REQUIRED!
B21: R_i @ SOC_center | C21: [Ohm] | D21: 0.02 | F21: result from VECTO - HERE AS INPUT REQUIRED!
B23: Current charging Depot | C23: [A] | D23: =(-D20+SQRT(D20*D20-4*D21*D13*-1*1000))/2/D21 -> 127.70334
B24: P_loss charging Depot | C24: [kW] | D24: =D23*D23*D21/1000 -> 0.32616286

Sheet Template_PEV
B2: Example: group 5 PEV in long haul cycle (no IMC)
B4: Colour code
B5: from generic data | D5: 123
B6: from VECTO input / simulation (numerical value as input to this consideration) | D6: 123
B7: as to be calculated for OVC vehicles in post-processing (There is a formula to look at here!) | D7: 123
B9: Useable battery capacity | C9: [kWh] | D9: 600 | F9: certified capacity cut by generic or declared upper/lower limits and generic deterioration factor
B10: Electric energy consumption CD mode (battery internal, SOC) | C10: [kWh/km] | D10: 1.234 | F10: result from VECTO refering to battery internal (SOC related) electric energy
B12: Actual charge depleting range (RCDA) | C12: [km] | D12: =D9/D10 -> 486.22366
B13: Equivalent all electric range (EAER) | C13: [km] | D13: =D12 -> 486.22366
B14: Zero CO2 emissions range | C14: [km] | D14: =D13 -> 486.22366
B16: Charging efficiency battery | C16: [-] | D16: ='BatteryData PEV'!D3 -> 0.99608605
B17: EC_el_final CD | C17: [kWh/km] | D17: =D10/D16 -> 1.2388488 | F17: reference = battery terminals, thus battery charging losses to be added

Sheet BatteryData IMC_OVC-HEV
B2: Vehicle type is city bus? | C2: No
M3: Yes
B4: Battery charging efficiency weighted average | C4: [-] | D4: =D10/(D10+D11+D12)*D14 + D11/(D10+D11+D12)*D15 + D12/(D10+D11+D12)*D16 -> 0.9890742 | M4: No
B6: Charging power DEPOT | C6: [kW] | D6: =MAX(10,'Template IMC_OVC-HEV'!D10/6) -> 13.333333
B7: Charging power STATIONARY DURING MISSION | C7: [kW] | D7: =MIN('Template IMC_OVC-HEV'!D9,'Template IMC_OVC-HEV'!D20) -> 150
B8: Charging power IN-MOTION CHARGING SOC LIFT | C8: [kW] | D8: =IF(C2="No",100,30) -> 100
B10: Charged energy DEPOT | C10: [kWh] | D10: ='Template IMC_OVC-HEV'!D29 -> 60
B11: Charged energy STATIONARY DURING MISSION | C11: [kWh] | D11: ='Template IMC_OVC-HEV'!D31 -> 0
B12: Charged energy IN-MOTION CHARGING SOC LIFT | C12: [kWh] | D12: ='Template IMC_OVC-HEV'!D35 -> 40
B14: Battery charging efficiency DEPOT | C14: [-] | D14: =D21 -> 0.99686394
B15: Battery charging efficiency STATIONARY DURING MISSION | C15: [-] | D15: =D25 -> 0.96681432
B16: Battery charging efficiency IN-MOTION CHARGING SOC LIFT | C16: [-] | D16: =D29 -> 0.97738958
B19: Charging power Depot | C19: [kW] | D19: =D6 -> 13.333333
B20: Loss power charging Depot | C20: [kW] | D20: =D37 -> 0.041814079
B21: Charging efficiency Depot | C21: - | D21: =1-D20/D19 -> 0.99686394
B23: Charging power during Mission | C23: [kW] | D23: =D7 -> 150
B24: Loss power charging during Mission | C24: [kW] | D24: =D40 -> 4.9778517
B25: Charging efficiency during Mission | C25: - | D25: =1-D24/D23 -> 0.96681432
B27: Charging power during IMC SOC lift | C27: [kW] | D27: =D8 -> 100
B28: Loss power charging during IMC SOC lift | C28: [kW] | D28: =D43 -> 2.2610423
B29: Charging efficiency during IMC SOC lift | C29: - | D29: =1-D28/D27 -> 0.97738958
B32: Calculations for battery component
B33: U_i @ SOC_center | C33: [V] | D33: 650 | F33: result from VECTO - HERE AS INPUT REQUIRED!
B34: R_i @ SOC_center | C34: [Ohm] | D34: 0.1 | F34: result from VECTO - HERE AS INPUT REQUIRED!
B36: Current charging Depot | C36: [A] | D36: =(-$D$33+SQRT($D$33*$D$33-4*$D$34*D19*-1*1000))/2/$D$34 -> 20.448491
B37: P_loss charging Depot | C37: [kW] | D37: =D36*D36*$D$34/1000 -> 0.041814079
B39: Current charging Mission | C39: [A] | D39: =(-$D$33+SQRT($D$33*$D$33-4*$D$34*D23*-1*1000))/2/$D$34 -> 223.111
B40: P_loss charging Mission | C40: [kW] | D40: =D39*D39*$D$34/1000 -> 4.9778517
B42: Current charging IMC SOC lift | C42: [A] | D42: =(-$D$33+SQRT($D$33*$D$33-4*$D$34*D27*-1*1000))/2/$D$34 -> 150.36763
B43: P_loss charging IMC SOC lift | C43: [kW] | D43: =D42*D42*$D$34/1000 -> 2.2610423

Sheet Template IMC_OVC-HEV
B2: Example: group 5 full hybrid in long haul cycle with IMC
B4: Colour code
B5: from generic data | D5: 123
B6: from VECTO input / simulation (numerical value as input to this consideration) | D6: 123
B7: as to be calculated for OVC vehicles in post-processing (There is a formula to look at here!) | D7: 123
B9: Max stat. charging power | C9: [kW] | D9: 150 | F9: declared in vehicle input (not of relevance here as no charge during mission)
B10: Useable battery capacity | C10: [kWh] | D10: 80 | F10: certified capacity cut by generic or declared upper/lower limits and generic deterioration factor
B11: Electric energy consumption CD mode (battery internal, SOC) | C11: [kWh/km] | D11: 1.037 | F11: result from VECTO refering to battery internal (SOC related) electric energy
B12: FC CD mode | C12: [l/100km] | D12: 3.85
B13: FC CS mode | C13: [l/100km] | D13: 27.35
B15: Actual charge depleting range (RCDA) | C15: [km] | D15: =D10/D11 -> 77.145612
B16: Equivalent all electric range (EAER) | C16: [km] | D16: =D15*((D13-D12)/D13) -> 66.285992
B17: Zero CO2 emissions range | C17: [km] | D17: =D16 -> 66.285992
B19: Daily specific mileage | C19: [km/d] | D19: =GenericData_VehicleOperation!$O$11 -> 480 | F19: Depending on the vehicle group and IMC technology, the correct generic parameters need to be used for all generic parameters!
B20: Stationary charging during mission max. power from infrastructure | C20: [kW] | D20: =GenericData_VehicleOperation!$AA$38 -> 500
B21: Stationary charging during mission - average duration per event | C21: [h] | D21: =GenericData_VehicleOperation!$AA$65 -> 0.5
B22: Stationary charging during mission - number of events | C22: [-] | D22: =GenericData_VehicleOperation!$AA$92 -> 1
B23: Real world factor usage start SOC (part of max useable) | C23: [-] | D23: =GenericData_VehicleOperation!$AX$11 -> 0.75
B24: Real world factor usage charge during mission | C24: [-] | D24: 0
B25: Share of distance where in-motion charging infrastructure is available | C25: [-] | D25: =GenericData_VehicleOperation!$AM$11 -> 0.5
B26: Real world factor in-motion charging during mission (lift in % of useable SOC) | C26: [-] | D26: =GenericData_VehicleOperation!$AZ$11 -> 0.5
B28: Electric range for UF from start SOC (stat charging at depot) | C28: [km] | D28: =D15*D23 -> 57.859209
B29: Electric energy from start SOC (stat charging at depot) | C29: [kWh] | D29: =D28*D11 -> 60
B30: Charging efficiency battery for stationary charging during mission | C30: [-] | D30: ='BatteryData IMC_OVC-HEV'!D15 -> 0.96681432
B31: Electric energy charged during mission from stat infrastructure | C31: [kWh] | D31: =MIN(MIN(D9,D20)*D21*D30,D10)*D22*D24 -> 0 | F31: considers limitation in max charging power from vehicle, battery capacity and number of charging events; real world usage factor applied to downscale number of events (and not charging power)
B32: Electric range for UF from stat charging during mission | C32: [km] | D32: =D31/D11 -> 0
B33: Electric range for UF from in-motion charging (only direct feed) | C33: [km] | D33: =D19*D25 -> 240
B34: Electric energy direct feed | C34: [kWh] | D34: =D11*D33 -> 248.88
B35: Electric energy charged during mission from in-motion infrastructure (SOC lift) | C35: [kWh] | D35: =D10*D26 -> 40
B36: Electric range for UF from in-motion charging during mission (SOC lift) | C36: [km] | D36: =D35/D11 -> 38.572806
B38: UF | C38: [-] | D38: =MIN(1,(D28+D32+D33+D36)/D19) -> 0.70090003 | F38: cannot be >1
B40: Electric energy required for daily specific mileage | C40: [kWh] | D40: =D19*D11 -> 497.76
B41: Limitation of electric energy charged into the battery | C41: [kWh] | D41: =MAX(D40-D34,0) -> 248.88 | F41: Electric energy provided by direct feed is always used completely!
B43: Share electric energy from grid first charged into battery | C43: [-] | D43: =D41/D40 -> 0.5
B44: Average charging efficiency battery during external charging (η_bat(1)) | C44: [-] | D44: ='BatteryData IMC_OVC-HEV'!D4 -> 0.9890742
B45: Share electric energy from grid direct feed | C45: [-] | D45: =1-D43 -> 0.5
B46: Average discharging efficiency battery during mission (η_bat(2)) | C46: [-] | D46: 0.9721 | F46: result from VECTO, here required as input
B48: Correction factor EC_SOC as simulated by VECTO to EC_terminal | C48: [-] | D48: =D43*(1/D44) + D45*D46 -> 0.99157325
B50: EC_el_final CD | C50: [kWh/km] | D50: =D11*D48 -> 1.0282615 | F50: reference = battery terminals, thus battery charging losses to be added
B52: Electric energy consumption weighted CD + CS | C52: [kWh/km] | D52: =D38*D50 -> 0.72070849
B53: Fuel consumption weighted CD + CS | C53: [l/100km] | D53: =D38*D12+(1-D38)*D13 -> 10.878849

Sheet BatteryData IMC_PEV
B2: Vehicle type is city bus? | C2: No
M3: Yes
B4: Battery charging efficiency | C4: [-] | D4: =D10/(D10+D11)*D13 + D11/(D10+D11)*D14 -> 0.99577585 | M4: No
B7: Charging power DEPOT | C7: [kW] | D7: =MAX(10,'Template_OVC-HEV'!D20/6) -> 83.333333
B8: Charging power IN-MOTION CHARGING SOC LIFT | C8: [kW] | D8: =IF(C2="No",100,30) -> 100
B10: Charged energy DEPOT | C10: [kWh] | D10: ='Template IMC_PEV'!D21 -> 450
B11: Charged energy IN-MOTION CHARGING SOC LIFT | C11: [kWh] | D11: ='Template IMC_PEV'!D23 -> 300
B13: Battery charging efficiency DEPOT | C13: [-] | D13: =D19 -> 0.99608605
B14: Battery charging efficiency IN-MOTION CHARGING SOC LIFT | C14: [-] | D14: =D23 -> 0.99531057
B17: Charging power Depot | C17: [kW] | D17: =D7 -> 83.333333
B18: Loss power charging Depot | C18: [kW] | D18: =D31 -> 0.32616286
B19: Charging efficiency Depot | C19: - | D19: =1-D18/D17 -> 0.99608605
B21: Charging power during IMC SOC lift | C21: [kW] | D21: =D8 -> 100
B22: Loss power charging during IMC SOC lift | C22: [kW] | D22: =D34 -> 0.46894349
B23: Charging efficiency during IMC SOC lift | C23: - | D23: =1-D22/D21 -> 0.99531057
B26: Calculations for battery component
B27: U_i @ SOC_center | C27: [V] | D27: 650 | F27: result from VECTO - HERE AS INPUT REQUIRED!
B28: R_i @ SOC_center | C28: [Ohm] | D28: 0.02 | F28: result from VECTO - HERE AS INPUT REQUIRED!
B30: Current charging Depot | C30: [A] | D30: =(-$D$27+SQRT($D$27*$D$27-4*$D$28*D17*-1*1000))/2/$D$28 -> 127.70334
B31: P_loss charging Depot | C31: [kW] | D31: =D30*D30*$D$28/1000 -> 0.32616286
B33: Current charging IMC SOC lift | C33: [A] | D33: =(-$D$27+SQRT($D$27*$D$27-4*$D$28*D21*-1*1000))/2/$D$28 -> 153.1247
B34: P_loss charging IMC SOC lift | C34: [kW] | D34: =D33*D33*$D$28/1000 -> 0.46894349

Sheet Template IMC_PEV
B2: Example: group 5 PEV in long haul cycle with IMC
B4: Colour code
B5: from generic data | D5: 123
B6: from VECTO input / simulation (numerical value as input to this consideration) | D6: 123
B7: as to be calculated for OVC vehicles in post-processing (There is a formula to look at here!) | D7: 123
B9: Useable battery capacity | C9: [kWh] | D9: 600 | F9: certified capacity cut by generic or declared upper/lower limits and generic deterioration factor
B10: Electric energy consumption CD mode (battery internal, SOC) | C10: [kWh/km] | D10: 1.234 | F10: result from VECTO refering to battery internal (SOC related) electric energy
B12: Actual charge depleting range (RCDA) | C12: [km] | D12: =D9/D10 -> 486.22366
B13: Equivalent all electric range (EAER) | C13: [km] | D13: =D12 -> 486.22366
B14: Zero CO2 emissions range | C14: [km] | D14: =D13 -> 486.22366
B16: Daily specific mileage | C16: [km/d] | D16: =GenericData_VehicleOperation!$O$11 -> 480 | F16: Depending on the vehicle group and IMC technology, the correct generic parameters need to be used for all generic parameters!
B17: Real world factor usage start SOC (part of max useable) | C17: [-] | D17: =GenericData_VehicleOperation!$AX$11 -> 0.75
B18: Share of distance where in-motion charging infrastructure is available | C18: [-] | D18: =GenericData_VehicleOperation!$AM$11 -> 0.5
B19: Real world factor in-motion charging during mission (lift in % of useable SOC) | C19: [-] | D19: =GenericData_VehicleOperation!$AZ$11 -> 0.5
B21: Electric energy from start SOC (stat charging at depot) | C21: [kWh] | D21: =D17*D9 -> 450
B22: Electric energy direct feed | C22: [kWh] | D22: =D18*D16*D10 -> 296.16
B23: Electric energy charged during mission from in-motion infrastructure (SOC lift) | C23: [kWh] | D23: =D19*D9 -> 300
B25: Electric energy required for daily specific mileage | C25: [kWh] | D25: =D10*D16 -> 592.32
B26: Limitation of electric energy charged into the battery | C26: [kWh] | D26: =MAX(D25-D22,0) -> 296.16 | F26: Electric energy provided by direct feed is always used completely!
B28: Share electric energy from grid first charged into battery | C28: [-] | D28: =D26/D25 -> 0.5
B29: Average charging efficiency battery during external charging (η_bat(1)) | C29: [-] | D29: ='BatteryData IMC_PEV'!D4 -> 0.99577585
B30: Share electric energy from grid direct feed | C30: [-] | D30: =1-D28 -> 0.5
B31: Average discharging efficiency battery during mission (η_bat(2)) | C31: [-] | D31: 0.9721 | F31: result from VECTO, here required as input
B33: Correction factor EC_SOC as simulated by VECTO to EC_terminal | C33: [-] | D33: =D28*(1/D29) + D30*D31 -> 0.98817103
B35: EC_el_final CD | C35: [kWh/km] | D35: =D10*D33 -> 1.2194031 | F35: reference = battery terminals, thus battery charging losses to be added
